{"cameraMode":{"drawMode":0,"name":"Shaded","section":"Shading Mode"},"sceneLighting":true,"audioPlay":false,"sceneViewState":{"showFog":true,"showMaterialUpdate":true,"showSkybox":true,"showFlares":true,"showImageEffects":true,"showParticleSystems":true},"in2DMode":false,"pivot":{"x":0.0952291488647461,"y":4.16591215133667,"z":-1.4708070755004883},"rotation":{"x":-0.004469699691981077,"y":0.9436008334159851,"z":-0.012748150154948235,"w":-0.3308154344558716},"size":10.0,"orthographic":false}