{"cameraMode":{"drawMode":0,"name":"Shaded","section":"Shading Mode"},"sceneLighting":true,"audioPlay":false,"sceneViewState":{"showFog":true,"showMaterialUpdate":true,"showSkybox":true,"showFlares":true,"showImageEffects":true,"showParticleSystems":true},"in2DMode":false,"pivot":{"x":513.675537109375,"y":26.42778968811035,"z":88.28325653076172},"rotation":{"x":0.24664078652858735,"y":0.3320213556289673,"z":-0.0903896912932396,"w":0.9059590697288513},"size":14.770573616027832,"orthographic":false}