{"cameraMode":{"drawMode":0,"name":"Shaded","section":"Shading Mode"},"sceneLighting":true,"audioPlay":false,"sceneViewState":{"showFog":true,"showMaterialUpdate":true,"showSkybox":true,"showFlares":true,"showImageEffects":true,"showParticleSystems":true},"in2DMode":false,"pivot":{"x":708.6807861328125,"y":341.3011779785156,"z":2.283390998840332},"rotation":{"x":0.03597911074757576,"y":-0.0269792340695858,"z":0.0009716705535538495,"w":0.9989878535270691},"size":971.7903442382813,"orthographic":false}