{"cameraMode":{"drawMode":0,"name":"Shaded","section":"Shading Mode"},"sceneLighting":false,"audioPlay":false,"sceneViewState":{"showFog":true,"showMaterialUpdate":true,"showSkybox":false,"showFlares":true,"showImageEffects":true,"showParticleSystems":true},"in2DMode":false,"pivot":{"x":0.0,"y":0.8999999761581421,"z":5.889999866485596},"rotation":{"x":-0.01578696258366108,"y":0.9725334048271179,"z":-0.06926432251930237,"w":-0.22165687382221223},"size":3.7770230770111086,"orthographic":false}